BuyOrderID,SellOrderID,Price,Quantity
3,1,147.807,22
5,1,147.807,27
5,0,258.74,53
8,6,213.472,3
9,6,213.472,18
12,6,213.472,78
18,15,201.402,25
16,19,126.118,55
7,19,126.118,97
20,15,201.402,64
7,21,124.96,45
25,11,241.007,35
22,26,119.286,65
27,26,119.286,2
31,26,119.286,51
33,28,124.256,40
34,28,124.256,63
37,29,144.665,7
39,29,144.665,28
44,29,144.665,28
48,29,144.665,16
49,45,200.412,4
49,47,224.53,59
58,51,174.892,9
58,60,136.301,40
66,47,224.53,5
67,47,224.53,80
69,56,238.091,86
70,56,238.091,12
67,71,101.09,5
67,72,137.636,19
74,40,239.07,5
74,11,241.007,61
74,42,253.152,21
77,0,258.74,37
81,80,265.588,2
79,82,159.314,80
83,80,265.588,17
83,54,266.923,11
83,55,285.207,50
88,89,139.69,13
84,89,139.69,65
90,63,291.319,27
91,63,291.319,64
92,64,294.955,8
93,64,294.955,34
93,17,299.815,55
95,17,299.815,42
96,35,301.432,56
97,78,311.862,7
96,98,256.894,86
94,99,103.929,57
84,99,103.929,87
101,98,256.894,77
105,104,257.61,21
105,103,307.954,27
105,78,311.862,86
79,106,206.742,5
68,107,112.76,14
111,53,312.696,29
111,36,320.299,16
111,41,326.022,90
68,112,215.831,17
58,112,215.831,44
108,113,163.406,33
75,113,163.406,87
87,114,187.259,38
87,115,122.932,2
87,116,147.421,34
126,119,247.062,31
126,128,243.818,47
125,129,164.232,14
125,131,160.26,35
135,130,225.688,48
135,134,266.148,37
137,120,293.41,73
137,139,197.901,8
137,141,267.985,60
140,142,178.34,2
136,142,178.34,8
151,148,260.561,87
153,148,260.561,96
158,154,269.295,60
158,149,283.642,53
150,160,136.994,39
164,144,304.475,31
164,147,310.511,80
168,170,101.928,5
174,147,310.511,59
168,176,105.158,30
173,176,105.158,56
150,177,182.498,12
150,181,208.655,31
182,178,240.325,7
182,180,304.578,69
183,180,304.578,78
183,171,310.865,30
186,188,267.425,68
190,188,267.425,83
192,32,328.435,80
194,32,328.435,92
194,46,336.169,49
189,195,147.022,66
150,195,147.022,83
198,14,347.075,89
200,14,347.075,26
201,202,297.806,10
201,205,301.028,21
209,207,314.837,62
209,211,91.4571,53
201,212,98.3245,32
196,212,98.3245,5
203,212,98.3245,87
213,214,297.373,33
210,215,187.321,76
210,222,96.3861,35
227,221,256.123,5
227,214,297.373,65
227,118,352.721,7
227,24,353.227,68
229,233,332.822,1
236,233,332.822,37
236,169,356.683,6
236,237,191.119,24
230,241,118.956,31
228,241,118.956,67
247,244,329.879,16
247,234,357.959,20
248,234,357.959,62
248,43,362.049,77
228,249,104.156,23
243,253,97.3956,5
260,257,309.378,4
262,257,309.378,29
267,257,309.378,46
254,272,239.318,15
271,272,239.318,35
266,276,162.302,9
279,277,308.996,16
280,277,308.996,29
283,264,322.786,13
283,274,346.186,2
283,123,362.234,31
283,269,363.792,64
288,289,104.315,71
284,289,104.315,45
292,269,363.792,18
296,293,293.365,18
266,299,227.95,95
270,299,227.95,6
243,301,216.313,83
302,293,293.365,22
302,297,311.624,33
243,303,194.315,74
304,297,311.624,65
304,269,363.792,82
273,306,143.365,17
309,246,364.617,16
309,159,367.634,52
309,291,370.034,69
310,291,370.034,57
307,311,174.88,1
313,312,265.11,31
313,10,373.008,33
307,314,255.615,11
318,319,260.067,42
318,320,243.882,34
322,315,346.855,53
322,10,373.008,63
323,217,376.108,37
323,4,379.243,16
323,2,382.131,46
325,326,90.3432,44
307,327,171.461,60
328,187,382.603,4
328,216,382.654,73
331,330,291.189,16
332,330,291.189,62
335,330,291.189,44
336,337,275.761,1
339,337,275.761,5
340,333,315.963,14
307,341,121.981,73
343,342,300.211,65
343,333,315.963,50
345,334,327.389,31
346,334,327.389,29
347,216,382.654,35
348,100,389.658,50
348,23,395.202,57
273,350,221.736,38
273,352,210.904,55
354,238,396.938,56
355,238,396.938,64
358,357,269.665,92
324,362,235.895,22
364,357,269.665,13
324,366,101.241,79
240,366,101.241,17
316,366,101.241,28
167,367,234.958,26
167,370,100.597,30
245,370,100.597,38
349,371,158.374,5
294,371,158.374,17
374,365,258.281,46
294,376,173.323,5
378,365,258.281,68
380,373,269.793,46
379,382,171.61,41
294,382,171.61,61
383,373,269.793,19
287,385,94.528,80
287,386,157.122,72
388,384,226.077,4
391,384,226.077,29
393,390,241.042,23
393,387,257.913,4
393,372,273.347,53
391,397,224.568,22
391,399,126.281,59
136,400,137.85,54
282,400,137.85,87
402,372,273.347,37
286,403,185.241,9
404,356,284.658,72
405,356,284.658,77
405,406,130.114,78
407,410,97.6303,21
286,410,97.6303,75
286,411,205.726,35
414,412,270.685,1
414,415,173.717,29
132,415,173.717,10
305,415,173.717,42
317,415,173.717,7
416,392,317.188,30
416,389,335.094,38
143,417,142.293,55
179,417,142.293,18
418,389,335.094,14
321,419,107.764,48
321,420,189.701,84
156,420,189.701,73
421,423,238.673,44
427,389,335.094,56
427,361,360.701,79
421,429,136.582,81
426,430,143.059,43
425,430,143.059,79
431,432,163.96,19
431,435,112.992,23
438,433,339.984,35
438,440,151.6,67
431,442,99.9533,51
443,437,371.167,26
441,444,258.573,24
446,444,258.573,30
446,437,371.167,31
425,451,213.74,61
454,456,135.229,78
454,457,158.883,64
458,422,395.654,29
459,436,399.953,74
458,463,209.221,41
458,464,124.258,76
460,464,124.258,35
453,468,171.702,1
453,472,203.839,73
471,472,203.839,10
447,472,203.839,17
396,473,109.968,19
474,466,238.098,44
475,467,348.943,23
475,476,246.297,49
474,476,246.297,84
478,477,348.249,21
479,477,348.249,93
479,480,164.749,76
482,483,169.485,75
482,485,305.475,29
484,487,215.689,92
491,488,380.221,6
490,493,315.885,30
486,494,222.821,29
489,494,222.821,29
396,496,138.186,4
396,498,92.4549,17
452,500,156.374,11
501,494,222.821,15
452,502,156.688,34
503,493,315.885,61
452,506,117.623,79
510,499,349.663,5
510,509,353.809,34
512,509,353.809,56
138,513,192.413,14
515,497,364.176,29
517,516,229.041,31
518,497,364.176,67
519,492,372.854,1
519,504,379.468,15
519,495,380.063,31
517,520,103.391,33
138,520,103.391,20
155,520,103.391,64
521,495,380.063,68
524,488,380.221,31
524,436,399.953,87
523,526,183.244,14
531,527,292.535,85
540,534,292.23,1
540,527,292.535,38
532,541,142.413,42
523,541,142.413,81
539,546,216.48,56
547,546,216.48,31
549,533,292.685,41
552,561,112.368,43
552,562,108.124,61
564,533,292.685,22
565,525,296.919,68
556,567,221.298,70
569,525,296.919,29
571,563,302.605,9
572,563,302.605,84
556,574,223.169,10
577,560,305.58,5
577,551,314.616,31
556,579,123.188,77
557,580,114.589,23
581,551,314.616,53
582,551,314.616,28
586,553,319.097,32
586,583,320.61,14
586,536,339.764,11
557,589,197.04,34
585,589,197.04,9
576,589,197.04,33
548,589,197.04,26
590,592,211.204,12
594,591,245.535,4
590,595,103.78,58
593,595,103.78,65
593,596,160.724,28
599,591,245.535,79
599,602,243.761,78
603,604,214.935,54
603,607,121.355,29
609,597,278.551,26
609,610,196.01,52
611,605,351.529,26
611,578,360.31,75
609,612,302.198,56
614,617,108.863,13
620,542,362.44,2
614,622,244.489,21
623,542,362.44,13
626,624,315.669,17
626,542,362.44,19
630,631,122.409,6
614,631,122.409,52
621,632,201.96,33
537,632,201.96,14
528,632,201.96,43
570,632,201.96,98
587,634,190.941,31
587,635,119.591,39
636,629,339.697,33
643,629,339.697,39
637,646,111.084,14
650,629,339.697,79
650,644,352.288,10
650,542,362.44,98
653,544,374.955,49
656,544,374.955,73
637,658,207.59,71
638,658,207.59,52
661,660,278.332,46
665,530,391.29,22
665,600,397.157,46
661,667,240.445,22
663,668,288.566,30
663,669,277.722,46
670,600,397.157,24
642,671,169.043,59
672,673,234.056,23
676,674,302.369,4
676,677,170.361,63
676,678,164.52,31
672,679,201.762,65
642,679,201.762,82
659,680,112.662,32
682,683,223.37,37
682,685,178.832,44
659,685,178.832,57
686,600,397.157,89
689,688,266.286,5
681,692,109.702,29
681,693,187.765,37
694,697,227.188,8
645,701,165.533,3
645,702,108.626,13
704,697,227.188,58
645,705,169.801,1
707,697,227.188,92
709,688,266.286,28
709,703,314.265,53
710,706,326.628,50
710,699,343.3,67
713,699,343.3,68
713,691,362.091,57
715,714,250.029,49
717,714,250.029,36
645,718,134.806,19
645,721,99.5817,53
690,721,99.5817,8
719,721,99.5817,1
615,721,99.5817,7
559,721,99.5817,28
724,725,111.954,20
251,725,111.954,45
727,723,250.071,93
727,720,259.932,73
251,728,148.45,71
281,728,148.45,52
729,722,261.683,14
729,726,272.951,62
695,731,143.364,55
732,726,272.951,82
732,687,390.76,36
735,733,209.112,54
735,738,161.14,26
741,740,210.682,33
695,743,142.404,49
748,742,198.179,2
748,740,210.682,42
748,749,160.839,21
751,747,275.256,46
753,747,275.256,47
748,754,120.483,80
716,754,120.483,56
757,758,97.8745,1
759,756,291.981,82
759,750,397.633,85
757,761,142.188,31
757,769,218.724,37
773,767,280.374,9
765,776,185.505,14
777,767,280.374,69
778,767,280.374,16
780,763,314.241,26
780,771,341.723,23
779,781,249.566,11
782,781,249.566,51
783,772,350.988,36
784,772,350.988,30
791,772,350.988,1
782,794,226.372,68
796,793,313.363,3
800,793,313.363,18
800,795,318.854,15
801,772,350.988,94
797,804,186.703,1
802,804,186.703,16
802,806,109.027,35
789,806,109.027,47
789,807,137.895,52
798,808,98.5673,18
798,809,131.537,12
810,811,172.976,20
810,812,180.228,71
798,812,180.228,75
813,814,178.261,31
788,814,178.261,13
790,814,178.261,13
765,814,178.261,59
815,803,350.119,26
817,803,350.119,42
817,821,159.087,37
817,822,311.127,12
824,768,369.605,66
824,774,377.478,9
824,616,398.806,72
825,627,402.437,20
825,163,403.871,36
817,829,333.89,29
818,831,181.97,67
818,832,178.16,91
819,832,178.16,28
820,833,240.044,4
841,837,308.896,53
820,844,230.275,66
847,837,308.896,67
820,850,290.108,74
823,851,203.394,42
816,851,203.394,10
849,851,203.394,55
848,853,113.111,45
830,853,113.111,9
840,853,113.111,20
805,853,113.111,82
857,854,223.624,47
858,854,223.624,61
859,838,338.365,12
859,852,340.354,55
859,842,356.062,35
862,864,197.19,37
855,864,197.19,38
867,866,225.472,25
855,870,189.846,68
871,866,225.472,66
871,873,106.866,59
885,880,241.69,2
886,880,241.69,20
886,882,284.709,24
875,888,125.886,7
890,882,284.709,57
891,882,284.709,8
893,895,160.427,69
896,884,311.185,12
896,878,311.767,10
896,894,332.624,54
893,899,117.383,47
898,900,122.644,25
901,902,183.682,78
903,894,332.624,68
901,907,202.037,88
906,908,140.477,24
898,908,140.477,25
909,910,178.418,31
912,911,316.393,24
914,911,316.393,17
916,911,316.393,13
915,917,248.596,62
909,917,248.596,37
920,919,258.511,47
920,911,316.393,86
921,923,126.974,15
921,925,196.208,91
922,925,196.208,74
924,927,161.456,3
898,927,161.456,27
928,861,344.402,12
928,897,351.469,45
928,863,375.546,27
931,929,288.571,43
930,936,170.839,10
898,936,170.839,44
938,929,288.571,31
933,940,151.683,66
941,929,288.571,70
942,932,325.455,44
942,939,368.128,54
945,943,290.792,80
946,950,338.167,2
953,950,338.167,31
953,939,368.128,60
945,957,178.078,83
949,958,144.485,53
954,958,144.485,75
944,959,229.157,96
960,874,385.053,56
960,951,392.437,82
961,964,103.632,55
944,964,103.632,67
933,966,218.064,55
875,967,121.229,74
881,967,121.229,26
974,970,265.371,59
974,963,334.51,60
975,976,161.319,47
975,977,380.574,36
980,979,366.146,7
982,979,366.146,23
982,981,385.295,46
984,991,302.626,82
992,993,150.103,31
978,993,150.103,18
935,993,150.103,73
935,994,116.772,72
996,991,302.626,76
1001,1003,159.522,15
1001,1004,233.716,16
1001,1005,256.152,39
1006,995,311.899,13
1006,990,337.935,25
1007,999,354.922,15
1009,1012,277.247,62
1001,1012,277.247,69
1013,1015,137.833,49
997,1015,137.833,32
952,1016,175.192,11
913,1016,175.192,58
971,1016,175.192,77
1017,1010,306.057,32
764,1018,182.33,19
948,1018,182.33,33
948,1020,182.018,79
956,1020,182.018,70
1024,1022,202.725,34
1026,1022,202.725,1
1027,1022,202.725,60
1027,1019,249.335,70
1028,1019,249.335,48
1030,1010,306.057,42
1032,1010,306.057,51
1034,1033,262.147,23
1034,1035,279.636,67
1037,1035,279.636,75
1040,1038,258.505,26
1041,1038,258.505,73
877,1043,93.9033,19
1046,1045,327.233,22
1046,1021,331.145,24
877,1047,154.988,58
856,1047,154.988,42
1048,1021,331.145,30
1054,1055,175.233,38
1054,1056,163.913,9
1060,1058,314.421,49
1060,1061,283.858,18
1054,1062,106.622,52
359,1066,118.35,22
351,1066,118.35,95
1073,1074,193.489,54
1076,1074,193.489,23
1078,1074,193.489,42
1079,1068,233.684,9
449,1080,153.372,6
449,1081,161.137,51
449,1082,168.511,20
1085,1068,233.684,46
1088,1086,193.902,75
1088,1068,233.684,64
1089,1077,236.824,24
1094,1090,225.617,28
1094,1077,236.824,67
1095,1069,260.277,21
1095,1065,263.284,61
1096,1065,263.284,11
1097,1064,281.317,60
1099,1064,281.317,66
1099,1067,286.316,29
1100,1063,289.295,62
1103,1063,289.295,68
1103,1083,289.377,43
1105,1050,327.519,37
1105,1057,341.235,3
1105,1071,353.292,28
1102,1106,115.023,47
1102,1107,128.878,52
1104,1107,128.878,21
449,1107,128.878,82
1109,1113,184.758,24
278,1113,184.758,15
1023,1113,184.758,48
1117,1118,85.4552,8
1114,1118,85.4552,38
1115,1118,85.4552,47
1119,1116,311.099,39
259,1122,129.576,68
1123,1124,156.354,27
259,1124,156.354,77
1129,1116,311.099,65
1129,1126,331.442,90
538,1130,121.093,2
879,1130,121.093,39
1134,1135,265.828,50
1133,1135,265.828,24
1131,1138,194.404,9
1140,1138,194.404,4
843,1141,89.6061,5
1143,1138,194.404,23
1145,1138,194.404,42
1145,1132,310.175,25
1145,999,354.922,43
1148,1146,209.848,67
1148,1014,366.135,44
1150,1149,195.016,36
1151,1149,195.016,83
1151,1053,370.584,89
1153,1053,370.584,25
843,1155,113.063,5
1156,987,373.95,39
1156,1087,379.488,76
1159,1157,252.994,4
1159,1163,300.196,43
1159,1164,164.904,79
1166,1162,373.271,49
1173,1168,249.85,27
1174,1168,249.85,49
1174,1167,309.168,69
1176,1171,321.171,76
1176,1177,291.526,59
1175,1181,246.394,79
1175,1187,277.951,83
1188,1189,99.5472,23
1178,1189,99.5472,14
1160,1189,99.5472,47
1190,1191,241.004,77
1190,1192,158.306,71
1160,1194,229.179,70
1197,1198,110.976,7
1197,1203,214.99,19
1207,1200,369.563,47
1207,1162,373.271,62
1208,1182,380.723,45
1208,981,385.295,48
1197,1210,99.9442,32
1196,1210,99.9442,20
1206,1210,99.9442,54
1158,1212,167.39,33
1186,1212,167.39,54
1186,1213,134.972,28
1217,1215,244.986,5
1217,1211,251.217,63
1186,1218,132.153,77
1222,1221,248.736,8
1222,1211,251.217,24
1224,1223,237.728,39
1228,1216,318.264,65
1228,1227,328.786,82
1225,1231,90.6329,11
1224,1231,90.6329,57
1229,1232,91.6503,46
1209,1232,91.6503,25
1233,1235,258.969,36
1233,1239,226.977,1
1243,1238,339.756,93
1233,1244,306.953,2
1233,1246,229.877,70
1248,1238,339.756,3
1247,1249,201.325,70
1242,1249,201.325,53
1204,1250,148.914,17
1172,1250,148.914,26
1252,1253,210.724,29
1259,1258,335.591,16
1256,1262,234.452,64
1252,1262,234.452,73
1264,1258,335.591,3
1268,1269,206.946,37
1255,1269,206.946,31
1265,1269,206.946,3
1271,1270,326.241,61
1272,1270,326.241,56
1261,1280,106.727,78
1267,1280,106.727,15
1172,1281,159.555,42
1193,1284,154.621,64
1193,1285,170.648,17
1287,1283,267.459,51
1287,1288,292.905,81
1293,1291,296.07,7
1295,1291,296.07,22
1296,1291,296.07,47
1296,1289,301.204,60
1294,1297,242.501,3
1299,1289,301.204,63
1294,1300,233.449,5
1305,1303,301.572,21
1305,1302,309.146,35
1305,1277,314.989,5
1305,1279,332.211,90
1294,1308,176.623,44
1309,1307,313.211,35
1294,1313,141.54,60
1214,1314,121.775,75
1315,1312,253.652,50
1317,1312,253.652,78
1214,1319,210.405,53
1321,1320,297.79,10
1322,1324,188.12,78
1282,1324,188.12,36
1325,1330,233.886,16
1334,1330,233.886,79
1328,1335,131.848,7
1328,1336,222.04,43
1338,1330,233.886,44
1340,1337,253.836,12
1341,1337,253.836,7
1328,1348,196.732,60
1350,1337,253.836,39
1353,1337,253.836,64
1353,1339,275.091,81
1354,1332,278.332,68
1355,1332,278.332,35
1356,1346,288.152,52
1358,1346,288.152,58
1358,1320,297.79,24
1352,1359,153.763,20
1357,1359,153.763,40
1331,1359,153.763,21
1361,1307,313.211,54
1362,1363,186.262,45
1349,1363,186.262,52
1349,1364,145.123,93
1360,1364,145.123,55
1306,1365,161.076,36
1345,1365,161.076,71
1366,1369,237.303,45
1366,1370,226.887,97
1378,1371,222.521,86
1378,1370,226.887,95
1380,1375,244.988,2
1372,1383,153.413,4
1372,1384,123.111,26
1286,1384,123.111,34
1286,1387,117.265,84
1316,1387,117.265,82
1241,1389,121.876,31
1329,1389,121.876,38
1390,1375,244.988,66
1329,1391,121.294,22
1392,1375,244.988,83
1392,1381,259.978,33
1395,1393,210.752,27
1329,1396,98.6131,50
1266,1398,116.471,12
1379,1398,116.471,23
843,1398,116.471,31
465,1399,180.012,55
375,1399,180.012,7
394,1399,180.012,68
1401,1393,210.752,51
394,1402,132.634,52
1403,1393,210.752,94
298,1406,103.195,56
1409,1377,290.541,26
1409,1407,309.398,19
1409,1307,313.211,70
1411,1410,217.298,69
1412,1410,217.298,77
1413,1386,322.497,12
298,1414,152.783,80
1415,1416,186.535,1
1422,1386,322.497,30
1418,1423,176.772,2
1415,1423,176.772,15
1311,1423,176.772,87
1426,1425,270.455,39
1428,1386,322.497,81
1428,1382,326.282,89
1430,1419,332.256,35
1431,1419,332.256,45
1432,1434,156.059,45
1432,1435,290.485,38
1437,1394,333.971,40
1441,1439,304.171,9
1442,1439,304.171,19
1447,1443,279.97,73
1436,1449,241.268,44
1436,1451,253.939,61
1454,1451,253.939,42
1456,1452,284,32
1433,1458,102.043,37
1459,1457,272.837,57
1459,1452,284,54
1460,1455,291.762,47
1433,1462,173.174,39
1444,1462,173.174,14
1311,1463,100.303,79
1467,1465,259.964,42
1470,1472,183.307,21
1473,1465,259.964,44
1474,1465,259.964,57
1476,1469,264.503,86
1478,1469,264.503,84
1470,1479,123.68,43
1072,1479,123.68,27
1240,1479,123.68,23
1481,1455,291.762,90
826,1482,119.579,29
1483,1450,303.347,41
1483,1439,304.171,50
1485,1446,330.028,49
1485,1394,333.971,60
1487,1489,214.975,80
1490,1489,214.975,17
1492,1488,252.002,36
1492,1491,323.804,77
1493,1491,323.804,47
1495,1497,281.799,66
1499,1498,244.346,24
1500,1498,244.346,30
1503,1498,244.346,81
1506,1504,240.747,1
826,1507,121.443,23
1508,1504,240.747,28
1508,1497,281.799,61
1512,1502,326.711,24
1512,1388,335.203,52
1513,1514,156.528,2
1519,1521,217.911,18
1519,1523,218.479,48
1519,1525,182.754,53
1518,1526,202.356,76
1529,1528,232.866,57
1529,1522,280.657,58
1530,1388,335.203,55
1531,1258,335.591,64
1531,1238,339.756,77
1532,1468,342.29,4
1533,1534,280.843,6
1518,1536,120.062,10
1539,1534,280.843,59
1543,1534,280.843,49
1546,1535,307.123,7
1541,1547,94.0917,32
1541,1548,250.283,10
1541,1550,232.5,13
1551,1535,307.123,77
1552,1535,307.123,81
1541,1556,193.964,84
1555,1557,239.821,31
1560,1537,317.333,23
1560,1554,321.962,54
1559,1561,187.11,43
1559,1562,170.385,31
1563,1554,321.962,2
1565,1566,139,10
1565,1569,262.095,52
1570,1569,262.095,63
1571,1554,321.962,33
1574,1468,342.29,35
1570,1575,286.336,87
1576,1577,210,66
1572,1577,210,63
1555,1578,207.8,24
1579,1580,172.987,47
1555,1580,172.987,70
1586,1585,335.29,24
1586,1468,342.29,71
1590,1544,343.01,59
1594,1333,346.683,47
1581,1595,207.235,2
1591,1595,207.235,20
1597,1333,346.683,73
1597,1480,350.531,36
1596,1599,220.856,50
1591,1599,220.856,90
1582,1605,117.171,43
1606,1245,350.731,49
1606,1600,351.299,58
1582,1608,267.622,26
1582,1610,213.689,79
1611,1614,273.432,11
1611,1615,278.366,71
1592,1615,278.366,78
1617,1607,350.23,20
1617,1600,351.299,55
1573,1619,116.139,21
1573,1620,97.4101,32
1622,1342,353.081,69
1622,1583,354.009,88
1623,1626,311.176,33
1623,1627,239.111,36
1621,1634,114.551,7
1629,1634,114.551,9
1632,1634,114.551,49
1573,1634,114.551,77
1635,1633,311.139,76
1635,1628,325.238,3
1635,1226,354.493,18
1542,1636,165.101,24
1641,1637,229.551,3
1542,1642,193.632,13
1643,1637,229.551,62
1542,1645,222.774,63
1648,1645,222.774,33
1649,1647,296.243,33
1649,1653,244.892,62
1652,1653,244.892,8
1518,1654,165.508,30
1655,1653,244.892,52
1663,1662,290.272,42
1663,1650,308.284,64
1656,1666,91.8681,28
1668,1661,333.291,26
1668,1669,184.435,51
1656,1672,200.761,24
1677,1674,324.73,45
1676,1678,147.324,45
1679,1674,324.73,69
1676,1681,134.902,31
1683,1658,348.64,8
1687,1688,191.377,12
1685,1688,191.377,77
1676,1688,191.377,90
1689,1658,348.64,13
1690,1658,348.64,6
1692,1658,348.64,12
1693,1694,128.05,39
1693,1696,104.339,75
1660,1700,131.676,24
1513,1700,131.676,53
1702,1704,190.815,36
1701,1704,190.815,42
1701,1706,202.15,14
1701,1707,188.517,85
1709,1705,235.016,9
1513,1710,190.873,60
1515,1710,190.873,68
1712,1705,235.016,25
1712,1713,101.947,27
1609,1716,137.245,59
1717,1715,310.025,25
1718,1715,310.025,59
1719,1715,310.025,78
1722,1720,330.082,8
1723,1720,330.082,3
1724,1720,330.082,25
1724,1699,331.636,45
1727,1699,331.636,71
1721,1728,295.078,46
1725,1728,295.078,56
1729,1695,344.235,17
1609,1730,203.556,11
1618,1731,103.607,4
1675,1731,103.607,96
1673,1732,196.298,50
1602,1732,196.298,95
1733,1695,344.235,18
1740,1736,247.648,11
1741,1736,247.648,16
1742,1735,259.65,45
1742,1739,261.531,74
1744,1695,344.235,60
1744,1658,348.64,62
1745,1667,351.624,53
1745,1640,351.871,83
1743,1746,161.137,4
1743,1747,291.591,74
1752,1747,291.591,83
1752,1753,106.095,25
1754,1756,118.484,69
1750,1756,118.484,82
1757,1758,249.189,12
1761,1759,216.113,22
1524,1762,184.307,21
1764,1759,216.113,82
1764,1758,249.189,53
1765,1640,351.871,49
1524,1766,153.129,6
1767,1558,354.942,57
1768,1558,354.942,63
1773,1774,181.904,40
1773,1777,175.809,20
1778,1448,360.541,32
1782,1448,360.541,60
1784,1785,312.165,57
1788,1785,312.165,35
1789,1790,195.008,40
1780,1790,195.008,33
1792,1453,361.391,42
1792,1520,363.777,34
1795,1471,364.152,6
1795,1553,365.249,38
1795,1593,366.843,63
1786,1796,126.941,59
1781,1796,126.941,72
1799,1273,367.852,55
1799,1779,368.381,55
1800,1804,104.509,69
1801,1804,104.509,93
1806,1807,288.607,37
1808,1807,288.607,10
1809,1807,288.607,60
1809,1805,292.735,8
1801,1811,227.597,41
1813,1812,259.275,22
1815,1818,98.6742,26
1815,1819,261.857,55
1820,1803,323.57,23
1820,1494,373.124,49
1813,1822,205.288,24
1826,1823,319.294,65
1826,1494,373.124,62
1824,1827,158.228,49
1828,1564,373.618,61
1828,1680,376.134,69
1824,1830,137.314,38
1832,1260,377.68,1
1832,1540,377.762,34
1831,1833,304.236,51
1839,1836,343.513,10
1840,1841,105.513,54
1837,1841,105.513,33
1831,1841,105.513,72
1845,1844,250.503,12
1845,1842,268.023,18
1835,1858,159.177,9
1859,1856,250.922,29
1859,1848,264.872,68
1863,1848,264.872,54
1860,1864,173.666,3
1835,1864,173.666,32
1838,1864,173.666,43
1855,1864,173.666,31
1865,1842,268.023,26
1834,1869,150.073,31
1834,1872,104.168,56
1794,1872,104.168,59
1875,1874,228.016,52
1794,1876,106.076,25
1878,1874,228.016,87
1880,1870,235.211,36
1881,1870,235.211,22
1879,1885,104.3,1
1524,1885,104.3,15
1886,1883,207.07,60
1887,1850,270.661,13
1887,1873,340.503,53
1886,1890,212.587,36
1886,1892,166.587,24
1891,1893,184.723,44
1891,1896,107.704,52
1889,1896,107.704,29
1524,1896,107.704,82
1898,1901,95.7607,35
1903,1900,317.685,59
1898,1904,212.636,43
1905,1904,212.636,30
1847,1906,157.763,28
1847,1907,155.719,27
1910,1908,311.521,41
1910,1900,317.685,66
1911,1873,340.503,22
1912,1873,340.503,92
1914,1836,343.513,16
1913,1915,216.055,18
1916,1836,343.513,39
1916,1540,377.762,53
1919,1417,377.909,52
1918,1920,195.08,16
1918,1921,123.303,48
1918,1926,242.982,24
1927,1929,229.514,21
1925,1929,229.514,2
1917,1929,229.514,19
1924,1929,229.514,3
1913,1929,229.514,33
1930,1929,229.514,3
1934,1933,208.86,40
1934,1929,229.514,42
1847,1935,127.561,29
1939,1938,246.722,52
1939,1937,256.46,55
1941,1944,123.769,42
1945,1937,256.46,31
1941,1946,107.825,26
1941,1947,199.928,33
1940,1948,113.299,22
1588,1948,113.299,23
1868,1948,113.299,58
1949,1942,264.425,53
1949,1953,307.981,56
1950,1954,183.112,50
1950,1955,149.659,53
1951,1955,149.659,53
1956,1417,377.909,67
1956,1748,378.337,44
1797,1958,124.081,46
1670,1958,124.081,9
1708,1961,121.232,10
1846,1961,121.232,65
1510,1962,133.504,17
1963,1960,220.163,29
1966,1960,220.163,66
1966,1970,176.161,73
1974,1973,290.355,52
1972,1976,210.596,42
1977,1976,210.596,17
1978,1976,210.596,29
1979,1973,290.355,57
1979,1980,142.879,94
1986,1987,111.835,43
1988,1982,290.549,26
1986,1989,249.26,24
1990,1982,290.549,16
1993,1992,323.333,23
1986,1994,126.122,51
1996,1992,323.333,18
1999,2000,151.211,59
1997,2000,151.211,66
1997,2001,247.92,43
1969,2005,158.662,16
2003,2005,158.662,42
1510,2005,158.662,87
2006,2004,220.584,55
2007,2008,164.287,7
2006,2008,164.287,42
2011,2010,230.083,48
1646,2013,92.6567,14
1775,2013,92.6567,14
1769,2013,92.6567,32
1589,2013,92.6567,74
2016,2010,230.083,54
2016,2018,224.989,73
2020,2018,224.989,41
2022,1992,323.333,59
2022,1981,327.522,90
2023,1981,327.522,50
2024,2026,161.49,13
2025,2026,161.49,30
2027,1968,351.544,25
2027,2031,96.0663,76
2030,2031,96.0663,78
2032,1998,355.801,25
2036,1998,355.801,29
2034,2040,250.62,21
2039,2040,250.62,74
2039,2043,121.147,47
2030,2044,290.832,1
2030,2046,178.825,82
2029,2046,178.825,81
2051,2045,300.327,80
2051,2052,181.25,62
2050,2053,107.655,14
2060,2054,328.508,51
2050,2062,101.706,24
2025,2062,101.706,66
2063,2054,328.508,57
2063,2049,351.32,39
2065,2064,280.502,43
2065,2041,368.948,5
2065,2066,207.168,88
2072,2066,207.168,18
2070,2073,159.321,25
2014,2073,159.321,38
2037,2073,159.321,28
1686,2073,159.321,5
1511,2077,108.781,24
1734,2077,108.781,28
1888,2077,108.781,35
2078,2067,248.987,8
2081,2067,248.987,3
2082,2067,248.987,39
2082,2068,281.312,24
2082,2074,341.407,28
2082,2076,349.943,54
1612,2084,95.5071,31
2087,2047,374.14,26
2087,2061,375.923,53
2086,2088,100.006,49
2085,2088,100.006,83
1612,2089,169.414,13
2090,2092,171.741,25
2091,2092,171.741,63
2093,1684,378.338,41
2093,1770,380.109,46
2105,2095,201.357,53
2105,2101,219.711,62
2106,2109,99.7593,33
2110,2103,325.307,24
2110,2099,347.567,2
2110,2108,376.68,22
2110,1587,380.564,26
2113,1584,380.756,16
2113,1424,381.021,45
2112,2115,233.302,36
2112,2116,266.886,42
2112,2118,178.138,27
2119,1424,381.021,73
2119,1922,381.658,32
2117,2121,110.679,37
2114,2121,110.679,88
2114,2123,126.445,16
2125,2019,381.751,7
2125,1671,381.967,34
2125,1862,382.851,43
2126,2128,341.772,50
2126,2130,257.587,78
2129,2133,262.615,23
2129,2134,205.933,30
2132,2134,205.933,67
2135,2134,205.933,98
2106,2136,168.475,53
2096,2136,168.475,63
869,2138,95.0558,38
1031,2138,95.0558,51
2139,2141,109.633,9
1180,2141,109.633,83
606,2141,109.633,6
2147,2145,324.793,81
2147,2146,337.16,66
2142,2149,166.725,10
2151,2137,344.819,16
2151,2143,350.288,26
2151,2055,383.891,75
2142,2153,239.687,14
2154,1829,385.116,77
2154,1991,386.04,75
2155,1854,386.8,30
2155,1092,387.131,23
2142,2156,232.548,61
1147,2157,102.858,5
2159,2156,232.548,57
2160,2161,184.221,14
2162,2161,184.221,48
2162,2158,331.26,43
2164,2166,288.904,66
2164,2170,190.01,33
2165,2173,266.402,12
2168,2173,266.402,20
2174,2173,266.402,80
2174,2171,387.392,90
2167,2175,196.551,12
2163,2175,196.551,18
2172,2176,189.612,15
2177,2171,387.392,62
2178,2179,154.67,42
2172,2179,154.67,66
2181,2182,274.539,18
2183,2184,213.251,47
2181,2184,213.251,32
2186,2185,257.977,54
2189,2185,257.977,67
2190,2187,278.256,45
2193,2187,278.256,61
2198,2192,374.988,82
2198,2188,388.74,88
2194,2200,329.127,14
2206,2200,329.127,18
2206,2199,343.091,25
2206,2097,388.852,33
2206,1825,389.23,4
2206,1183,389.27,81
2203,2207,160.131,74
2209,2211,148.837,2
2203,2211,148.837,40
2217,2213,306.334,53
2219,2213,306.334,65
2219,2221,190.001,61
2208,2222,210.035,21
2208,2223,111.844,86
2191,2223,111.844,33
2225,1183,389.27,8
2229,2230,287.254,43
2228,2230,287.254,44
2232,2233,107.294,22
2226,2233,107.294,82
2234,1170,389.982,73
2195,2235,136.522,39
2195,2236,129.043,23
2240,1170,389.982,55
2195,2241,200.044,55
2244,2247,115.362,11
2243,2247,115.362,30
2248,2246,273.377,74
2248,2250,225.998,66
2255,2254,367.117,36
2257,2258,141.955,44
2252,2258,141.955,20
2256,2258,141.955,68
2259,2260,179.985,6
2259,2261,168.618,51
2243,2261,168.618,43
2227,2261,168.618,6
2218,2265,154.121,86
2224,2266,88.8398,31
2245,2266,88.8398,6
2231,2266,88.8398,32
2242,2267,175.104,54
1147,2267,175.104,54
2012,2268,148.754,27
2270,2262,241.319,59
2270,2254,367.117,88
2273,2272,334.297,30
2274,2272,334.297,56
2012,2276,125.054,6
2012,2277,92.1994,35
2012,2278,170.257,65
2279,2281,322.197,15
2282,2281,322.197,79
2283,2285,208.961,94
2286,2285,208.961,8
208,2287,96.8854,3
2289,2295,230.566,55
2289,2296,157.663,56
2292,2299,169.449,60
208,2299,169.449,29
2304,2303,242.786,7
2304,2291,307.106,23
2304,2300,312.417,69
2307,2306,231.006,17
2309,2306,231.006,39
2310,2311,197.271,1
2310,2314,211.627,35
2310,2316,100.267,27
2318,2313,299.495,13
2309,2319,176.832,13
2309,2324,118.4,57
2327,2325,263.012,12
2327,2320,282.703,31
2312,2331,125.293,40
2326,2331,125.293,58
2321,2332,167.593,10
2308,2332,167.593,56
2308,2334,104.738,57
1466,2334,104.738,25
2335,2329,260.122,35
1008,2339,174.064,1
255,2339,174.064,31
255,2340,96.0737,79
172,2340,96.0737,87
2343,2341,178.121,16
2343,2337,207.8,47
2344,2336,221.498,38
2345,2336,221.498,70
2345,2329,260.122,52
2354,2355,144.909,66
2347,2355,144.909,76
2356,2320,282.703,34
2347,2357,151.748,21
2358,2313,299.495,29
2359,2360,104.443,12
2359,2362,263.984,67
2346,2370,206.804,53
2371,2370,206.804,17
2372,2365,237.83,69
2372,2364,273.723,10
2372,2369,284.703,3
2372,2313,299.495,53
2374,2342,300.991,40
2374,2300,312.417,53
2377,2298,324.039,16
2377,2349,334.316,23
2378,2349,334.316,33
2378,2315,342.205,4
2380,2275,355.412,75
2380,2381,348.571,97
2378,2383,254.932,69
2387,2383,254.932,79
2387,2386,265.532,30
2375,2388,159.63,73
2366,2388,159.63,2
184,2388,159.63,77
2393,2392,214.852,46
2394,2392,214.852,49
2397,2389,223.174,12
2399,2389,223.174,79
2400,2390,233.35,26
2402,2390,233.35,38
2404,2395,346.625,10
2404,2280,358.947,55
2404,2294,360.911,2
2404,2379,365.02,8
2404,2290,369.204,79
2405,2290,369.204,88
2405,2338,372.283,6
2402,2406,199.704,42
2401,2406,199.704,70
2408,2398,373.921,23
2408,2373,378.283,32
2401,2409,155.692,45
2410,2373,378.283,41
2410,2293,380.917,1
2410,2305,385.188,47
2414,2413,362.208,8
2415,2418,200.635,43
2415,2419,142.19,40
2412,2422,202.921,32
2394,2422,202.921,62
2429,2420,306.172,18
2429,2427,307.36,47
2403,2430,160.219,35
2431,2423,341.891,36
2431,2413,362.208,63
2403,2434,181.454,23
2403,2437,191.076,63
2428,2437,191.076,75
2439,2436,280.9,45
2440,2436,280.9,79
2440,2411,369.626,39
2443,2447,319.236,80
2443,2448,117.323,85
2449,2433,380.421,36
2449,2446,383.226,48
2442,2451,189.092,27
2450,2451,189.092,2
2452,2453,96.0839,2
2452,2460,231.591,65
2455,2460,231.591,46
2456,2461,143.097,36
2462,2446,383.226,60
2462,2305,385.188,90
2456,2463,113.598,10
2456,2464,337.123,39
2465,2251,386.683,12
2444,2466,187.609,48
2458,2466,187.609,14
2441,2466,187.609,80
2469,2474,230.482,24
2477,2467,370.69,1
2477,2251,386.683,18
2477,2350,388.728,45
2477,2301,389.607,79
2469,2479,188.495,41
2470,2481,315.131,86
2470,2483,220.972,40
2476,2486,164.829,11
2480,2486,164.829,15
2490,1139,391.096,58
2496,2495,289.63,23
2497,2492,324.937,21
2498,2501,224.358,5
2497,2501,224.358,36
2497,2507,237.768,71
2496,2507,237.768,94
2502,2509,268.24,42
2506,2509,268.24,54
2514,2515,277.148,3
2512,2515,277.148,52
2525,2522,282.608,17
2517,2533,201.383,84
2513,2533,201.383,75
2534,2522,282.608,56
2536,2532,300.926,28
2537,2541,141.867,32
2537,2542,118.361,24
2543,2532,300.926,62
2546,2531,325.102,21
2543,2547,228.473,60
2480,2548,233.326,69
2472,2548,233.326,45
2549,2531,325.102,21
2550,2551,231.649,60
2550,2553,193.404,62
2488,2553,193.404,18
2558,2560,132.329,43
2558,2567,98.1171,76
2540,2567,98.1171,65
2569,2555,264.981,61
2493,2578,202.464,4
2524,2578,202.464,40
2516,2578,202.464,85
2579,2555,264.981,39
2516,2582,158.912,64
2587,2590,251.024,1
2592,2573,302.352,18
2587,2593,128.556,11
2587,2594,231.471,84
2595,2573,302.352,26
2591,2598,187.501,2
2604,2600,273.963,53
2607,2600,273.963,9
2591,2608,265.373,38
2599,2608,265.373,51
2610,2600,273.963,71
2610,2603,274.624,2
2610,2613,187.063,54
2599,2614,262.123,4
2615,2573,302.352,56
2617,2562,307.762,42
2617,2596,316.663,9
2617,2612,317.825,71
2599,2618,245.539,23
2620,2612,317.825,44
2605,2621,221.871,88
2624,2621,221.871,96
2535,2625,202.491,41
2535,2627,106.01,82
2628,2623,257.089,6
2628,2531,325.102,15
2633,2632,255.634,80
2478,2634,92.8909,49
2563,2634,92.8909,11
2473,2634,92.8909,33
2636,2632,255.634,27
2639,2637,274.766,23
2639,2638,293.939,21
2639,2531,325.102,79
2491,2640,99.6933,3
2556,2640,99.6933,63
2642,2643,144.157,11
2645,2641,332.378,92
2645,2585,338.079,54
2644,2650,145.649,41
2642,2650,145.649,47
2642,2652,102.804,27
2655,2654,204.654,34
2655,2659,255.525,21
2660,2658,296.155,29
2655,2661,203.261,67
2656,2661,203.261,73
2662,2665,197.938,44
2556,2665,197.938,53
2667,2663,258.442,4
2669,2658,296.155,13
2670,2651,315.417,25
2670,2657,335.165,16
2668,2671,113.689,38
2674,2673,283.013,8
2674,2519,338.939,41
2674,2630,349.112,46
2668,2677,242.089,41
2667,2677,242.089,63
2667,2678,253.42,39
2679,2676,349.591,21
2679,2527,351.114,21
2679,2520,353.502,18
2675,2683,153.493,65
2616,2683,153.493,80
2686,2687,174.661,54
2688,2691,261.579,12
2693,2691,261.579,47
2693,2631,354.184,82
2686,2694,142.283,81
2572,2694,142.283,47
2699,2626,354.362,10
2699,2523,360.801,29
2699,2680,361.39,2
2699,2692,362.366,34
2699,2530,364.04,31
2700,2681,365.97,52
2695,2701,207.944,61
2697,2701,207.944,84
2702,2681,365.97,9
2704,2681,365.97,6
2697,2706,253.613,87
2708,2706,253.613,11
2712,2709,301.805,36
2713,2709,301.805,38
2713,2681,365.97,76
2710,2715,246.619,51
2710,2719,123.678,73
2720,2707,366.347,25
2720,2696,366.831,18
2720,2689,373.893,74
2714,2727,221.825,39
2729,2722,259.133,68
2729,2723,348.346,73
2732,2731,308.468,15
2714,2735,193.926,44
2714,2740,128.358,29
2741,2731,308.468,46
2746,2745,323.702,45
2746,2724,356.782,66
2742,2750,236.499,39
2748,2750,236.499,78
2752,2751,355.689,16
2748,2753,98.9977,43
2754,2755,140.661,5
2739,2755,140.661,12
2757,2751,355.689,51
2757,2724,356.782,78
2736,2760,203.45,35
2721,2760,203.45,76
2721,2763,197.164,65
2764,2762,302.774,2
2772,2762,302.774,33
2772,2761,309.387,53
2774,2781,99.4507,7
2782,2773,284.44,26
2782,2761,309.387,43
2774,2785,95.9971,48
2778,2785,95.9971,16
2766,2785,95.9971,76
2728,2786,97.9945,3
2711,2786,97.9945,32
2788,2784,322.636,15
2788,2789,199.396,18
2711,2789,199.396,63
2792,2758,339.813,39
2792,2798,101.933,25
2795,2803,177.296,2
2801,2803,177.296,43
2790,2803,177.296,46
2807,2805,306.663,45
2807,2806,315.591,38
2809,2787,352.816,75
2808,2810,89.1675,66
2790,2810,89.1675,90
2703,2811,139.275,57
2813,2787,352.816,66
2814,2815,143.228,25
2816,2794,361.746,1
2817,2820,155.289,49
2814,2821,131.05,28
2822,2823,158.132,56
2822,2824,194.344,52
2812,2825,166.354,52
2812,2827,268.279,62
2836,2829,293.373,54
2836,2834,311.348,76
2838,2835,340.192,60
2838,2794,361.746,29
2826,2839,154.888,64
2840,2768,369.862,82
2826,2841,214.691,21
2842,2843,204.177,54
2703,2843,204.177,65
2848,2846,347.974,20
2848,2768,369.862,90
2844,2849,121.593,29
2771,2849,121.593,23
2733,2849,121.593,61
2851,2850,300.817,48
2853,2852,229.462,35
2853,2850,300.817,55
2733,2856,196.107,70
2847,2856,196.107,15
2837,2856,196.107,90
2857,2854,317.737,92
2857,2859,150.562,77
2860,2862,109.792,59
2863,2576,375.189,1
2868,2576,375.189,14
2868,2698,375.357,13
2868,2780,377.234,48
2870,2871,262.942,23
2860,2871,262.942,40
2872,2583,378.603,34
2872,2800,380.607,64
2860,2876,102.753,50
2867,2878,299.61,20
2867,2880,263.799,16
2865,2885,209.977,3
2865,2886,101.644,55
2858,2886,101.644,41
2874,2887,234.211,6
2874,2888,262.347,54
2874,2889,121.452,91
2883,2889,121.452,41
2882,2891,213.551,27
2882,2895,239.497,61
2882,2897,165.685,39
2905,2899,341.116,2
2901,2906,155.477,45
2901,2909,324.927,71
2910,2909,324.927,2
2908,2915,136.457,39
2917,2912,270.79,6
2908,2923,126.538,30
2908,2924,190.885,29
2926,2921,261.766,11
2916,2928,102.323,20
2929,2921,261.766,35
2929,2912,270.79,16
2929,2920,273.955,75
2930,2927,281.182,3
2930,2922,284.108,95
2916,2931,202.87,21
2890,2931,202.87,14
2919,2931,202.87,76
2919,2932,157.878,20
2936,2934,220.496,36
2936,2922,284.108,56
2939,2918,317.865,14
2942,2940,230.115,14
2944,2941,310.276,21
2942,2948,174.033,77
2950,2949,222.173,36
2914,2951,148.513,45
2914,2953,106.163,56
2955,2949,222.173,44
2947,2956,180.466,4
2957,2949,222.173,95
2957,2945,298.224,87
2947,2958,114.627,5
2959,2941,310.276,21
2947,2962,132.192,21
2965,2964,269.175,57
2965,2941,310.276,53
2969,2918,317.865,30
2969,2943,322.607,68
2976,2909,324.927,3
2967,2978,258.952,10
2980,2909,324.927,16
2979,2981,161.396,11
2985,2982,323.01,74
2985,2899,341.116,70
2986,2896,369.526,29
2986,2877,376.587,36
2987,2911,380.33,57
2987,2800,380.607,79
2993,2954,380.674,17
2997,2954,380.674,3
2998,3003,186.384,24
2989,3003,186.384,9
2967,3005,163.343,53
3008,3007,287.308,12
3009,3007,287.308,65
2994,3010,99.0202,16
2994,3011,219.961,24
3013,3007,287.308,74
3014,2999,354.548,4
3014,2954,380.674,15
3022,3016,361.103,19
3023,3024,341.306,37
3018,3025,234.696,1
2994,3025,234.696,7
3026,3030,236.626,10
2994,3030,236.626,50
3032,3027,297.428,15
3033,3027,297.428,7
3020,3034,256.526,8
3006,3034,256.526,11
3035,3036,133.559,35
3006,3036,133.559,46
3037,3027,297.428,42
3039,3027,297.428,68
3039,3024,341.306,56
3006,3041,247.439,66
2984,3041,247.439,9
2966,3041,247.439,90
3044,3045,227.437,78
3044,3050,191.082,90
3042,3050,191.082,75
3049,3054,125.513,8
3055,3057,104.776,7
3049,3057,104.776,22
3058,3064,117.155,52
3049,3064,117.155,53
3065,3060,312.188,6
3067,3060,312.188,44
3067,3063,318.889,47
3061,3069,236.068,17
3061,3071,254.319,20
3061,3072,220.92,44
3017,3072,220.92,55
3076,3073,263.5,67
3076,3068,294.426,69
3017,3079,243.989,74
3056,3081,159.189,21
2974,3081,159.189,34
3038,3081,159.189,15
3031,3081,159.189,78
3082,3075,304.832,87
3084,3075,304.832,41
3086,3085,269.622,8
3087,3090,167.56,25
3091,3085,269.622,46
3093,3085,269.622,13
3087,3094,210.974,42
3101,3099,304.259,48
3102,3092,331.433,20
3102,3100,332.98,7
3101,3103,314.414,40
3101,3107,269.094,68
3108,3074,334.257,64
3112,3109,273.257,11
3112,3110,301.147,11
3112,3074,334.257,59
3098,3116,201.99,36
3117,3083,334.618,49
3118,3083,334.618,51
3098,3122,164.471,22
3098,3125,191.635,77
3126,3128,114.084,62
3131,3132,319.279,22
3131,3135,298.459,57
3131,3136,119.794,10
3131,3137,120.876,23
3139,3053,353.517,16
3139,3070,355.168,96
3141,3140,336.475,41
3141,3016,361.103,83
3126,3143,214.329,15
3129,3144,239.668,15
3087,3144,239.668,72
3149,3144,239.668,89
3150,3148,264.383,10
3150,3145,298.913,70
3151,3146,360.039,33
3151,3095,361.665,18
3151,3147,361.681,32
3150,3153,177.197,24
3157,3154,367.698,32
3157,3159,274.596,17
3162,3051,372.101,40
3162,3028,373.086,10
3162,3105,374.302,58
3157,3163,197.739,34
3161,3164,222.318,6
3152,3164,222.318,25
3152,3167,103.221,33
3031,3167,103.221,35
3169,3165,318.154,29
3169,3105,374.302,79
3168,3173,134.058,17
2995,3173,134.058,22
2995,3174,220.401,79
3175,3170,275.308,34
3175,3078,374.965,8
3175,3130,375.745,7
3175,2954,380.674,80
3177,3176,320.834,25
3177,3004,381.421,47
3158,3178,208.863,13
3077,3178,208.863,20
3047,3178,208.863,56
3047,3183,196.63,59
2971,3183,196.63,24
3040,3184,174.976,4
3040,3187,174.488,66
3124,3187,174.488,1
3133,3187,174.488,1
2973,3187,174.488,55
3188,3180,242.425,8
3188,3182,282.933,76
3193,3190,250.67,33
3193,3189,278.413,14
3193,3186,302.934,54
3195,3194,336.688,62
3195,3004,381.421,78
3127,3196,102.72,25
3197,3198,107.435,98
3197,3199,323.568,58
3200,3202,126.934,16
3206,3203,247.219,41
3208,3211,113.905,13
3206,3211,113.905,41
3212,3201,306.828,41
3212,3204,323.231,90
3207,3213,99.0203,15
3207,3214,174.415,41
3200,3214,174.415,69
3127,3217,99.8528,14
3127,3219,131.044,83
2913,3219,131.044,28
2961,3224,129.262,24
3029,3224,129.262,26
3226,3218,236.462,7
3226,3222,279.974,19
3234,3238,115.499,20
3029,3238,115.499,80
3239,3237,245.029,67
3239,3222,279.974,48
2837,3242,160.032,91
3119,3242,160.032,67
2589,3243,131.492,76
2564,3243,131.492,46
3244,3249,252.416,26
3251,3250,288.312,3
3251,3228,312.48,10
3251,3216,356.845,4
3251,3221,369.785,48
3244,3253,240.038,47
3254,3255,227.599,24
3258,3255,227.599,58
3245,3259,187.511,10
3260,3256,251.637,30
3260,3257,365.651,35
3261,3262,161.407,63
3245,3262,161.407,73
3268,3257,365.651,26
3275,3276,117.675,48
3264,3276,117.675,22
3270,3276,117.675,17
3282,3280,310.197,77
3265,3283,133.685,12
3265,3285,120.531,41
3265,3287,118.585,25
3289,3280,310.197,46
3292,3290,269.657,66
3286,3293,238.171,24
3286,3300,214.648,20
3301,3290,269.657,75
3286,3302,103.375,34
3245,3303,120.66,9
3305,3295,335.849,49
3304,3306,245.423,26
3308,3306,245.423,69
3299,3309,152.115,87
3310,3313,243.561,35
3314,3313,243.561,45
3314,3312,314.58,66
3320,3317,268.457,16
3321,3317,268.457,15
3316,3325,99.5958,54
3294,3325,99.5958,33
3273,3325,99.5958,94
3328,3329,153.991,2
3273,3329,153.991,45
3330,3317,268.457,23
3331,3317,268.457,22
3332,3336,170.897,10
3281,3336,170.897,10
3291,3336,170.897,67
3338,3317,268.457,43
3342,3323,295.894,24
3342,3312,314.58,67
3343,3337,318.128,80
3353,3351,211.467,29
3356,3351,211.467,19
3358,3351,211.467,18
3359,3351,211.467,70
3359,3355,214.283,73
3291,3361,184.129,13
3291,3362,151.293,21
3363,3354,257.327,4
3363,3350,296.085,2
3363,3349,297.519,65
3263,3364,135.282,20
3246,3364,135.282,39
2646,3364,135.282,68
2552,3367,155.694,25
3191,3367,155.694,76
3191,3369,189.268,87
3371,3366,195.958,32
3375,3372,199.845,12
3375,3374,249.409,5
3375,3349,297.519,73
2830,3376,85.3366,10
2894,3376,85.3366,52
3106,3376,85.3366,39
2435,3378,93.2103,73
3381,3377,282.087,8
3382,3377,282.087,19
3383,3377,282.087,53
3383,3345,300.736,20
3379,3384,230.854,28
3385,3337,318.128,81
3379,3388,142.353,41
3380,3389,153.915,17
3380,3390,122.181,30
2586,3390,122.181,5
2776,3390,122.181,40
3391,3348,330.306,54
3391,3392,272.155,12
3391,3393,178.577,24
3391,3394,166.309,13
3397,3395,226.44,18
3397,3399,282.529,28
3400,3399,282.529,66
3400,3295,335.849,97
2776,3401,89.5,69
3403,3402,291.718,22
3405,3404,188.319,25
3407,3404,188.319,57
3407,3402,291.718,77
3412,3277,337.631,50
3412,3396,352.301,74
3414,3413,332.305,27
3408,3417,165.854,51
3410,3417,165.854,11
2664,3417,165.854,40
3114,3419,114.011,14
3114,3420,94.9199,64
2499,3420,94.9199,2
3357,3420,94.9199,78
3357,3424,109.017,39
3427,3421,278.366,35
3427,3413,332.305,65
3123,3429,104.857,18
3123,3432,135.61,37
3433,3431,207.564,2
3436,3431,207.564,44
3436,3428,228.751,58
3437,3428,228.751,57
3439,3441,123.473,18
3123,3441,123.473,21
3442,3438,214.126,38
2831,3444,169.123,63
2831,3445,110.537,65
3448,3446,195.855,20
3451,3446,195.855,12
3454,3446,195.855,47
2775,3455,166.383,63
3426,3455,166.383,83
3457,3452,201.292,67
3459,3452,201.292,22
3461,3452,201.292,19
3464,3443,206.011,32
3465,3443,206.011,3
3466,3443,206.011,80
3466,3438,214.126,89
3469,3467,211.64,61
3469,3440,235.319,23
3470,3458,257.062,53
3470,3450,258.682,92
3096,3473,101.366,37
3334,3473,101.366,46
3474,3450,258.682,20
3477,3475,245.198,13
3477,3430,261.181,24
3478,3479,122.399,76
3478,3483,147.71,50
2571,3484,119.977,15
2588,3484,119.977,29
3487,3486,246.39,37
3489,3486,246.39,32
3490,3486,246.39,30
3491,3430,261.181,11
2424,3494,111.626,18
184,3494,111.626,68
3495,3492,215.304,54
3497,3492,215.304,19
3498,3492,215.304,23
2353,3500,94.7067,88
3463,3500,94.7067,79
1802,3501,166.216,24
2935,3501,166.216,38
3502,3430,261.181,52
3502,3453,277.025,83
2935,3503,142.58,51
3506,3505,192.088,40
3507,3505,192.088,45
3509,3505,192.088,32
3510,3476,286.591,68
3510,3485,292.864,24
3513,3460,297.024,43
3513,3434,305.775,41
3518,3468,306.965,75
3518,3480,315.37,82
3516,3521,159.268,11
3517,3521,159.268,18
3511,3521,159.268,12
2935,3521,159.268,72
3525,3522,192.292,11
3526,3522,192.292,24
3526,3524,249.707,53
3527,3524,249.707,61
3527,3520,295.291,85
3530,3520,295.291,82
3532,3528,296.858,8
3532,3480,315.37,49
3540,3537,263.731,9
3540,3539,275.144,22
3540,3542,187.141,34
3540,3544,252.967,7
3545,3534,298.519,20
3540,3546,187.245,23
3543,3547,144.589,16
3535,3547,144.589,28
3549,3534,298.519,23
3549,3538,311.683,26
3555,3553,228.043,62
3557,3553,228.043,40
3551,3560,163.366,10
3548,3560,163.366,55
3529,3560,163.366,26
395,3563,99.1581,14
395,3564,136.629,12
3565,3538,311.683,70
3565,3472,325.372,30
3570,3568,177.706,22
3575,3568,177.706,32
3575,3572,194.508,60
395,3576,143.429,25
395,3577,130.005,67
3580,3571,324.105,46
3580,3558,332.751,87
3582,3581,218.468,29
3584,3558,332.751,24
3582,3585,164.183,66
2368,3588,104.83,5
3591,3589,197.852,14
3591,3435,335.432,17
3591,3416,337.958,80
3598,3592,274.387,85
3598,3593,320.983,78
3594,3600,160.666,2
3597,3600,160.666,62
3602,3599,281.718,68
3602,3482,348.212,45
3603,3488,348.425,31
3603,3396,352.301,62
3597,3604,160.947,76
3606,3605,181.162,32
3606,3607,158.902,17
3606,3610,328.555,65
3613,3561,355.73,76
3616,3561,355.73,29
3617,3531,358.247,95
3618,3257,365.651,62
3618,3221,369.785,84
3617,3619,211.911,52
3624,3626,192.46,16
3628,3271,372.106,55
3628,3252,373.387,61
3624,3629,187.127,11
3624,3630,320.938,43
3621,3631,158.603,84
3611,3631,158.603,7
3609,3631,158.603,41
3633,3630,320.938,64
3637,3634,198.747,8
3638,3634,198.747,79
3638,3636,217.967,56
3644,3642,271.048,23
3625,3645,132.991,29
3614,3645,132.991,46
3652,3642,271.048,44
3655,3647,274.29,19
3649,3660,111.403,43
3649,3662,105.152,43
3669,3659,183.57,72
3649,3670,179.432,41
3674,3659,183.57,10
3677,3659,183.57,75
3678,3667,194.496,24
3678,3665,234.774,90
3682,3671,244.285,38
3686,3671,244.285,36
3688,3691,146.903,41
3687,3691,146.903,6
2368,3693,110.377,39
1738,3693,110.377,91
1738,3695,168.117,11
3696,3685,256.244,11
3696,3657,261.635,26
3696,3664,264.422,12
3697,3698,133.585,2
1698,3698,133.585,4
3700,3647,274.29,40
3700,3650,284.568,22
3700,3699,287.779,36
3703,3654,293.139,33
3704,3654,293.139,83
3704,3635,309.311,64
3711,3705,256.368,28
3708,3712,138.819,16
3707,3712,138.819,47
3707,3713,200.271,30
3707,3715,111.736,65
3716,3705,256.368,15
3719,3718,208.301,27
3723,3718,208.301,58
3724,3718,208.301,52
3714,3726,124.336,44
1698,3726,124.336,17
3730,3717,219.613,11
3734,3717,219.613,12
3737,3717,219.613,33
3737,3725,230.196,49
3738,3721,240.738,55
231,3739,114.773,17
231,3740,146.265,54
3742,3721,240.738,6
3744,3721,240.738,19
3745,3705,256.368,17
3746,3705,256.368,77
3748,3747,230.869,58
231,3754,93.4657,45
3755,3750,204.721,15
684,3757,166.12,51
161,3757,166.12,19
3758,3760,142.94,2
1894,3760,142.94,36
3749,3762,140.261,42
2204,3762,140.261,91
3763,3750,204.721,16
3764,3747,230.869,29
3765,3752,274.543,1
3766,3752,274.543,6
2869,3767,146.821,24
3769,3772,133.599,23
2869,3772,133.599,80
2288,3773,138.797,3
3775,3771,184.159,35
3775,3774,212.445,19
3775,3752,274.543,80
3779,3776,203.295,35
3780,3776,203.295,5
3782,3781,196.706,52
3782,3776,203.295,42
3788,3751,284.077,44
3788,3735,292.714,64
3789,3735,292.714,11
3777,3792,125.078,53
3777,3796,107.599,63
3790,3796,107.599,15
2288,3796,107.599,80
3797,3735,292.714,24
737,3799,165.376,69
1049,3799,165.376,64
3801,3791,309.737,72
3801,3783,313.633,60
3807,3805,205.433,62
3811,3805,205.433,34
3812,3809,218.465,42
3818,3809,218.465,93
3821,3814,238.646,61
3821,3815,246.319,21
3821,3804,246.339,51
3822,3817,303.691,26
3822,3803,313.337,59
514,3825,124.177,19
3826,3824,182.768,5
3827,3824,182.768,28
3827,3823,234.823,12
3830,3829,300.857,7
3827,3831,141.252,99
3832,3829,300.857,22
3832,3803,313.337,33
3836,3828,316.418,4
3839,3828,316.418,10
3839,3778,322.392,50
3839,3731,323.642,65
3833,3840,210.361,88
3842,3731,323.642,56
3833,3846,230.372,34
3851,3844,254.794,42
3852,3844,254.794,16
3853,3844,254.794,56
3847,3854,146.8,6
514,3854,146.8,48
2122,3854,146.8,94
3857,3729,324.07,1
3857,3810,330.511,28
3858,3810,330.511,38
3858,3770,331.442,22
3860,3861,296.913,48
3862,3861,296.913,97
3855,3863,134.986,3
2122,3863,134.986,41
3298,3864,121.051,47
125,3864,121.051,65
3865,3646,332.113,7
3865,3663,332.983,9
3865,3648,336.283,63
3867,3866,315.488,59
3868,3866,315.488,69
3868,3658,338.148,61
3504,3869,136.287,8
2796,3869,136.287,13
2666,3869,136.287,46
3870,3720,338.199,22
2666,3871,166.865,83
2210,3871,166.865,77
3873,3720,338.199,59
3876,3874,211.893,2
3879,3874,211.893,16
3880,3883,279.486,52
3880,3885,112.44,34
3879,3888,223.32,63
3889,3848,343.246,67
3892,3891,322.793,12
3892,3848,343.246,73
3890,3893,171.323,27
3879,3893,171.323,46
3895,3819,347.978,33
3896,3897,208.223,48
3898,3819,347.978,41
3899,3856,348.398,69
3902,3903,220.037,19
3896,3903,220.037,54
3894,3905,193.426,5
3894,3906,129.342,12
3910,3904,312.677,19
3910,3907,322.223,63
3910,3856,348.398,93
3911,3793,352.958,32
3911,3834,353.57,20
3909,3913,123.668,11
3894,3913,123.668,22
3894,3914,143.214,8
3919,3915,330.734,30
3917,3920,146.321,17
3918,3920,146.321,30
3894,3920,146.321,56
3921,3915,330.734,31
3925,3923,288.974,12
3927,3923,288.974,88
3927,3915,330.734,77
3928,3806,354.867,3
3931,3806,354.867,9
3931,3736,358.817,39
3930,3932,122.28,13
3924,3932,122.28,7
3933,3935,174.742,18
3922,3935,174.742,18
3936,3736,358.817,16
3934,3940,191.067,15
3934,3943,203.162,19
3939,3943,203.162,72
3900,3943,203.162,70
3944,3938,250.34,59
3946,3938,250.34,28
3947,3938,250.34,37
3952,3950,326.462,58
3952,3949,340.109,65
3953,3949,340.109,43
3955,3942,348.35,21
3955,3736,358.817,50
3956,3672,363.833,9
3957,3672,363.833,42
3957,3908,365.499,71
3962,3959,269.658,51
3926,3963,114.493,11
3964,3959,269.658,27
3965,3959,269.658,4
3966,3959,269.658,87
3966,3820,365.987,73
3967,3969,197.886,13
3970,3969,197.886,63
3970,3972,179.528,47
3974,3975,230.583,74
3976,3975,230.583,16
3926,3978,169.666,73
3980,3982,210.124,53
3980,3983,135.644,84
3926,3983,135.644,97
3984,3985,162.393,13
3984,3986,159.173,40
3945,3986,159.173,8
3989,3973,350.141,65
3988,3990,110.049,86
3987,3990,110.049,37
2454,3993,154.771,43
3692,3993,154.771,9
3996,3994,233.708,63
3997,3994,233.708,26
3998,3995,250.061,35
3998,3973,350.141,83
1202,4000,97.8082,12
3784,4000,97.8082,42
3784,4003,146.355,90
4004,4001,238.357,3
4007,4001,238.357,8
4007,3999,241.995,52
3471,4014,144.129,69
152,4014,144.129,41
3138,4017,166.95,25
4018,4010,212.955,63
4018,4025,115.747,30
4023,4026,166.347,21
3138,4026,166.347,54
4030,4029,208.112,6
4030,4024,236.063,16
4036,4024,236.063,24
4036,3999,241.995,52
4038,4033,243.526,59
4039,4033,243.526,61
4031,4044,131.06,55
4045,4042,238.027,26
4045,4046,206.414,14
4051,4005,270.825,40
4051,4022,278.343,46
4047,4052,257.408,41
4045,4052,257.408,67
4053,4054,242.598,44
4031,4056,215.42,91
4034,4062,139.739,23
4034,4063,162.089,87
4032,4063,162.089,92
4066,4056,215.42,44
4067,4057,220.737,3
4069,4057,220.737,27
4069,4065,222.745,23
4069,4060,223.23,52
4070,4054,242.598,72
4074,4071,195.237,20
4075,4071,195.237,37
4079,4072,208.025,17
4079,4073,238.766,41
4079,4076,256.913,5
4079,4061,271.598,46
4081,4022,278.343,53
4082,4021,289.123,23
4082,4016,293.651,45
4082,4002,296.334,81
4086,4085,212.839,14
4078,4087,171.584,43
4078,4091,155.035,17
4075,4093,179.986,25
4095,4085,212.839,24
4095,4094,252.549,43
4075,4098,184.885,77
4099,4094,252.549,48
3138,4102,121.431,5
4103,4097,289.772,30
4103,4002,296.334,31
4104,4092,305.483,7
4104,4040,308.873,42
4105,4040,308.873,62
4107,4108,278.478,11
4109,4108,278.478,84
4109,4064,320.969,86
4106,4110,189.609,10
4111,4110,189.609,33
4111,4058,320.974,43
3138,4112,169.543,26
4115,4058,320.974,44
1849,4116,144.17,65
1098,4116,144.17,73
2756,4120,101.925,11
4126,4128,106.045,32
4126,4129,187.391,49
4133,4129,187.391,47
4134,4121,259.895,76
2756,4138,143.093,43
4139,4137,176.666,29
2756,4141,115.999,57
4142,4137,176.666,64
4143,4122,289.487,42
4144,4122,289.487,83
4146,4145,292.949,44
4147,4145,292.949,56
1179,4149,148.437,18
3640,4149,148.437,56
4150,4136,299.665,12
4152,4136,299.665,20
4152,4132,309.871,78
4159,4132,309.871,16
4160,4162,195.159,29
4161,4162,195.159,26
4157,4163,160.078,41
4165,4162,195.159,74
4157,4166,170.405,19
4170,4169,240.236,12
4170,4168,243.822,23
4171,4168,243.822,94
4179,4177,221.746,12
4180,4177,221.746,33
4184,4172,256.714,69
4186,4172,256.714,29
4182,4189,126.892,8
4182,4191,164.421,57
4178,4191,164.421,92
4188,4194,141.987,28
4198,4193,175.584,19
4199,4193,175.584,52
4199,4195,176.921,29
4199,4196,276.999,58
4201,4200,187.408,28
4202,4192,278.347,18
4202,4197,297.56,44
4203,4187,303.701,38
4203,4148,320.419,60
4202,4205,187.651,64
4201,4205,187.651,89
4207,4206,250.878,21
4207,4204,323.95,39
4207,4125,331.929,13
4209,4208,215.907,75
4209,4210,148.302,32
4216,4217,190.958,19
4188,4218,101.765,17
4219,4217,190.958,55
4220,4213,259.73,28
4221,4212,288.505,15
4222,4212,288.505,28
4224,4212,288.505,46
4224,4215,309.053,45
4229,4225,305.613,36
4229,4101,334.676,55
4226,4230,111.928,12
4220,4230,111.928,65
4231,4232,238.364,73
4231,4236,191.198,88
4227,4243,128.514,7
4244,4240,282.261,42
4244,4241,318.354,68
4227,4245,230.657,72
4247,4101,334.676,44
4248,4252,119.834,62
4227,4252,119.834,84
4254,4234,346.68,3
4254,4020,347.334,47
4250,4255,186.761,46
4228,4255,186.761,49
4228,4256,147.663,12
4258,4020,347.334,43
4257,4259,117.934,11
4228,4259,117.934,56
4261,4263,328.205,28
4265,4090,353.344,29
4261,4266,228.555,36
4260,4266,228.555,10
4238,4268,186.944,11
4275,4266,228.555,66
4275,4272,254.845,49
4238,4277,148.214,39
4278,4267,272.488,21
4283,4285,209.878,58
4238,4285,209.878,95
4286,4284,224.652,2
4287,4284,224.652,74
4289,4281,250.654,30
4290,4281,250.654,22
4295,4281,250.654,85
4295,4282,259.189,42
4297,4296,262.478,50
4297,4267,272.488,66
4300,4302,252.98,1
4304,4302,252.98,21
4298,4306,180.061,25
4307,4302,252.98,73
4308,4299,277.28,58
4308,4303,281.645,63
4307,4310,171.354,30
4314,4303,281.645,66
4314,4313,282.121,31
4312,4315,151.273,33
4316,4276,323.498,56
4316,4319,161.049,12
4316,4322,183.055,94
4312,4322,183.055,35
4298,4323,125.305,58
4325,4326,280.985,10
4324,4326,280.985,50
4287,4327,117.424,68
4328,4326,280.985,38
4329,4279,336.255,14
4329,4311,341.587,6
4329,4090,353.344,24
4330,4320,353.37,46
4333,4320,353.37,58
4331,4337,148.771,53
4335,4337,148.771,36
4339,4340,311.682,48
4339,4344,289.567,20
4349,4342,327.667,3
4345,4350,219.412,24
4336,4350,219.412,29
4317,4354,126.282,6
4355,4350,219.412,71
4357,4342,327.667,64
4358,4342,327.667,8
4356,4359,243.656,22
4361,4360,277.668,62
4362,4360,277.668,67
4363,4352,345.099,10
4364,4352,345.099,5
4365,4352,345.099,4
4370,4352,345.099,75
4370,4371,210.199,31
4373,4375,253.048,6
4373,4378,188.748,3
4373,4379,125.635,37
4366,4379,125.635,35
4382,4380,293.818,10
4382,4376,338.487,55
4356,4385,191.189,38
4386,4376,338.487,22
4368,4389,206.78,44
4368,4394,157.648,22
4396,4390,241.581,75
4397,4390,241.581,83
4397,4391,259.372,37
4368,4398,127.287,40
4399,4388,301.634,26
4387,4401,184.491,60
4403,4400,274.773,14
4404,4400,274.773,76
4405,4407,199.298,42
4387,4407,199.298,90
4317,4408,173.134,30
4317,4410,183.734,53
4411,4388,301.634,55
4412,4388,301.634,30
4414,4413,300.467,59
4415,4419,114.306,62
4423,4416,274.625,41
4429,4416,274.625,36
4426,4432,202.749,18
4425,4432,202.749,19
4434,4413,300.467,47
4435,4418,325.804,19
4436,4418,325.804,77
4439,4376,338.487,69
4441,4428,348.761,62
4441,3977,356.719,64
4444,4443,325.692,44
4444,4446,192.573,35
4452,3977,356.719,74
4452,4167,356.922,54
4444,4454,273.091,46
4449,4458,302.555,40
4459,4458,302.555,26
4464,4458,302.555,67
4464,4321,358.392,36
4470,4019,358.408,7
4468,4473,223.578,88
4468,4474,240.893,26
4475,4019,358.408,43
4475,4367,358.507,49
4478,4481,156.14,35
4478,4484,350.777,32
4478,4486,211.443,25
4482,4489,127.797,1
4457,4489,127.797,70
4433,4490,186.597,22
4491,4487,304.138,32
4491,4367,358.507,53
4493,4492,289.195,35
4494,4492,289.195,32
4433,4496,161.402,38
4497,4181,359.671,71
4498,4499,336.209,77
4500,4181,359.671,83
4498,4501,336.583,13
4502,4264,362.029,36
4502,4485,362.667,1
4502,4118,365.969,39
4445,4503,252.525,3
4445,4505,151.509,36
4479,4505,151.509,49
4506,4118,365.969,31
4508,4507,286.501,38
4510,4507,286.501,66
4510,3838,367.021,12
4512,4273,367.376,4
4512,3802,367.758,31
4517,4516,309.001,48
4479,4518,218.694,64
4453,4520,154.823,16
4438,4520,154.823,81
4522,4524,222.584,22
4437,4524,222.584,9
4451,4525,226.592,10
4519,4525,226.592,30
4529,4516,309.001,91
4530,4531,204.292,5
4528,4531,204.292,34
4532,4514,315.512,31
4528,4538,191.759,35
4541,4545,147.057,44
4528,4545,147.057,83
4552,4514,315.512,57
4552,4549,339.999,43
4551,4553,151.062,21
4547,4553,151.062,53
4544,4553,151.062,27
4558,4554,268.315,26
4558,4557,269.203,41
4560,4557,269.203,4
4519,4561,196.209,44
4471,4563,94.2766,10
4471,4565,219.494,94
4513,4565,219.494,97
4425,4570,144.303,61
4540,4570,144.303,73
4573,4557,269.203,58
4574,4566,310.67,7
4574,4571,319.859,52
4540,4575,174.152,76
4576,4579,211.587,16
4546,4579,211.587,28
4546,4580,161.294,56
4568,4580,161.294,63
4582,4578,266.022,4
4588,4583,247.262,11
4588,4578,266.022,11
4588,4594,203.538,7
4588,4595,245.632,18
4588,4596,275.432,95
4601,4602,93.6066,9
4590,4602,93.6066,77
4592,4602,93.6066,34
4603,4589,352.724,50
4603,4593,355.107,60
4581,4607,156.127,57
4597,4607,156.127,46
4610,4609,268.499,5
4610,4604,330.557,61
4612,4604,330.557,89
4614,4611,330.645,71
4614,4593,355.107,81
4616,4586,361.973,8
4616,4535,362.936,36
4616,4562,366.811,60
4615,4617,167.907,37
4618,4619,310.941,21
4620,4619,310.941,91
4620,4622,102.335,72
4615,4623,195.316,45
4624,4630,215.825,67
4629,4630,215.825,70
4568,4632,220.995,77
4634,4635,192.694,32
4533,4635,192.694,27
4495,4636,188.211,91
4550,4639,155.659,42
4415,4639,155.659,52
4643,4640,254.282,10
4643,4642,254.75,84
4644,4642,254.75,6
4645,4642,254.75,82
4539,4648,124.176,17
4539,4649,109.136,36
4608,4649,109.136,37
4651,4650,251.587,18
4653,4650,251.587,17
4655,4650,251.587,39
4655,4625,278.917,55
4656,4638,325.451,2
4627,4660,168.39,32
4567,4660,168.39,51
4661,4657,244.863,38
4664,4657,244.863,57
4665,4658,314.342,6
4665,4638,325.451,45
4521,4668,144.849,44
4455,4668,144.849,70
4455,4670,107.595,22
4675,4666,210.971,69
4677,4666,210.971,13
4455,4678,158.008,38
4679,4666,210.971,19
4374,4680,193.24,32
4542,4680,193.24,41
4542,4683,134.238,51
4534,4683,134.238,65
4534,4684,159.01,51
4488,4685,116.262,1
4688,4674,218.462,88
4688,4669,244.769,78
4488,4690,100.727,36
4488,4691,105.962,46
4427,4691,105.962,56
4693,4692,215.904,25
4697,4692,215.904,58
4427,4698,181.714,52
4699,4695,232.435,25
4477,4700,156.113,7
4477,4701,180.286,30
4477,4703,92.2882,42
4341,4704,130.684,3
4440,4704,130.684,48
4537,4704,130.684,58
4709,4695,232.435,37
4709,4676,245.87,15
4709,4681,255.119,72
4714,4667,263.258,65
4713,4715,164.76,7
4716,4667,263.258,69
4716,4711,267.504,21
4717,4694,268.442,23
4713,4719,114,28
4713,4720,224.698,64
4537,4722,187.32,76
4723,4721,205.254,86
4723,4720,224.698,96
4727,4724,237.671,55
4727,4725,265.239,8
4727,4694,268.442,75
4731,4729,242.682,3
4731,4733,244.992,70
4731,4736,141.152,13
